cnae_classe;saldo
Abate de reses, exceto suínos;  -555
Abate de suínos, aves e outros pequenos animais;   932
Acabamentos em fios, tecidos e artefatos têxteis; -1019
Administração de bolsas e mercados de balcão organizados;    57
Administração de cartões de crédito;   283
Administração de consórcios para aquisição de bens e direitos;  -484
Administração pública em geral;  6839
Agenciamento de espaços para publicidade, exceto em veículos de comunicação;  -143
Agências de fomento;    -1
Agências de notícias;   -16
Agências de publicidade;  -519
Agências de viagens; -4975
Aluguel de equipamentos recreativos e esportivos;  -789
Aluguel de fitas de vídeo, DVDs e similares;  -186
Aluguel de máquinas e equipamentos agrícolas sem operador;   427
Aluguel de máquinas e equipamentos não especificados anteriormente; -1343
Aluguel de máquinas e equipamentos para construção sem operador;    25
Aluguel de máquinas e equipamentos para escritório;  -140
Aluguel de objetos do vestuário, jóias e acessórios;  -238
Aluguel de objetos pessoais e domésticos não especificados anteriormente;  -652
Aparelhamento e outros trabalhos em pedras;  -157
Aqüicultura em água doce;    64
Aqüicultura em água salgada e salobra;     8
Armazenamento;   464
Arrendamento mercantil;     2
Artes cênicas, espetáculos e atividades complementares;  -474
Atividades associativas não especificadas anteriormente;    91
Atividades auxiliares dos seguros, da previdência complementar e dos planos de saúde não especificadas anteriormente;  -227
Atividades auxiliares dos serviços financeiros não especificadas anteriormente;  -834
Atividades auxiliares dos transportes aéreos; -3551
Atividades auxiliares dos transportes aquaviários não especificadas anteriormente;   -11
Atividades auxiliares dos transportes terrestres não especificadas anteriormente;  -189
Atividades de administração de fundos por contrato ou comissão;   182
Atividades de agenciamento marítimo;    23
Atividades de apoio à agricultura; -1050
Atividades de apoio à educação;   294
Atividades de apoio à extração de minerais, exceto petróleo e gás natural;   -13
Atividades de apoio à extração de petróleo e gás natural;    -9
Atividades de apoio à gestão de saúde;  2139
Atividades de apoio à pecuária;   222
Atividades de apoio à produção florestal;  -148
Atividades de assistência a idosos, deficientes físicos, imunodeprimidos e convalescentes prestadas em residências coletivas e particulares;   980
Atividades de assistência psicossocial e à saúde a portadores de distúrbios psíquicos, deficiência mental e dependência química;   -21
Atividades de assistência social prestadas em residências coletivas e particulares;   185
Atividades de associações de defesa de direitos sociais;  -180
Atividades de atenção à saúde humana não especificadas anteriormente;  1714
Atividades de atenção ambulatorial executadas por médicos e odontólogos;  -585
Atividades de atendimento hospitalar;  9353
Atividades de bibliotecas e arquivos;    -8
Atividades de cobrança e informações cadastrais; -2832
Atividades de condicionamento físico; -2475
Atividades de consultoria em gestão empresarial;  1724
Atividades de contabilidade, consultoria e auditoria contábil e tributária; -1319
Atividades de Correio; -1524
Atividades de ensino não especificadas anteriormente; -1120
Atividades de exibição cinematográfica; -1185
Atividades de exploração de jogos de azar e apostas;    -5
Atividades de fornecimento de infra-estrutura de apoio e assistência a paciente no domicílio;   346
Atividades de gravação de som e de edição de música;   -57
Atividades de intermediários em transações de títulos, valores mobiliários e mercadorias;   185
Atividades de investigação particular;    -1
Atividades de jardins botânicos, zoológicos, parques nacionais, reservas ecológicas e áreas de proteção ambiental;   -45
Atividades de limpeza não especificadas anteriormente;   963
Atividades de malote e de entrega;  -307
Atividades de monitoramento de sistemas de segurança;  -262
Atividades de museus e de exploração, restauração artística e conservação de lugares e prédios históricos e atrações similares;   -28
Atividades de organização de eventos, exceto culturais e esportivos; -2310
Atividades de organizações associativas ligadas à cultura e à arte;   179
Atividades de organizações associativas patronais e empresariais;  -338
Atividades de organizações associativas profissionais;  -177
Atividades de organizações políticas;     0
Atividades de organizações religiosas;  -890
Atividades de organizações sindicais;  -430
Atividades de pós-colheita;   142
Atividades de pós-produção cinematográfica, de vídeos e de programas de televisão;    -6
Atividades de produção cinematográfica, de vídeos e de programas de televisão;  -251
Atividades de profissionais da área de saúde, exceto médicos e odontólogos;  1033
Atividades de publicidade não especificadas anteriormente;  -349
Atividades de rádio;  -183
Atividades de recreação e lazer não especificadas anteriormente; -1088
Atividades de serviços de complementação diagnóstica e terapêutica; -1723
Atividades de serviços pessoais não especificadas anteriormente;  -231
Atividades de serviços prestados principalmente às empresas não especificadas anteriormente; -1822
Atividades de teleatendimento; -7670
Atividades de televisão aberta;  -202
Atividades de transporte de valores;  -293
Atividades de vigilância e segurança privada; -3434
Atividades esportivas não especificadas anteriormente;  -178
Atividades fotográficas e similares;  -650
Atividades funerárias e serviços relacionados;  -109
Atividades imobiliárias de imóveis próprios;   -81
Atividades jurídicas, exceto cartórios;  -767
Atividades paisagísticas;   154
Atividades profissionais, científicas e técnicas não especificadas anteriormente;  -497
Atividades relacionadas a esgoto, exceto a gestão de redes;    27
Atividades relacionadas à organização do transporte de carga; -2103
Atividades técnicas relacionadas à arquitetura e engenharia;  -572
Atividades veterinárias;    26
Avaliação de riscos e perdas;  -107
Bancos comerciais;    55
Bancos de investimento;     2
Bancos múltiplos, com carteira comercial;   809
Bancos múltiplos, sem carteira comercial;    45
Beneficiamento de arroz e fabricação de produtos do arroz;    30
Cabeleireiros e outras atividades de tratamento de beleza; -2427
Caça e serviços relacionados;    -1
Caixas econômicas;    -7
Captação, tratamento e distribuição de água;  -283
Carga e descarga;   105
Cartórios;  -398
Clubes sociais, esportivos e similares; -1193
Coleta de resíduos não-perigosos;   772
Coleta de resíduos perigosos;   146
Comércio a varejo e por atacado de veículos automotores; -6137
Comércio atacadista de animais vivos, alimentos para animais e matérias-primas agrícolas, exceto café e soja;  -278
"Comércio atacadista de artigos de escritório e de papelaria; livros, jornais e outras publicações";  -988
Comércio atacadista de artigos do vestuário e acessórios; -1519
Comércio atacadista de bebidas; -1289
Comércio atacadista de café em grão;    -8
Comércio atacadista de calçados e artigos de viagem;  -279
Comércio atacadista de carnes, produtos da carne e pescado;  -613
Comércio atacadista de cereais e leguminosas beneficiados, farinhas, amidos e féculas;    66
Comércio atacadista de cimento;   -36
Comércio atacadista de combustíveis sólidos, líquidos e gasosos, exceto gás natural e GLP;  -246
Comércio atacadista de componentes eletrônicos e equipamentos de telefonia e comunicação;  -276
Comércio atacadista de computadores, periféricos e suprimentos de informática;  -203
Comércio atacadista de cosméticos, produtos de perfumaria e de higiene pessoal; -2178
Comércio atacadista de defensivos agrícolas, adubos, fertilizantes e corretivos do solo;    31
Comércio atacadista de energia elétrica;    86
Comércio atacadista de equipamentos e artigos de uso pessoal e doméstico não especificados anteriormente; -1722
Comércio atacadista de ferragens e ferramentas;  -354
Comércio atacadista de gás liqüefeito de petróleo (GLP);   -40
Comércio atacadista de hortifrutigranjeiros;  -882
Comércio atacadista de instrumentos e materiais para uso médico, cirúrgico, ortopédico e odontológico;  -272
Comércio atacadista de leite e laticínios;   -97
Comércio atacadista de madeira e produtos derivados;  -262
"Comércio atacadista de máquinas e equipamentos para uso comercial; partes e peças";  -250
"Comércio atacadista de máquinas e equipamentos para uso industrial; partes e peças";  -668
"Comércio atacadista de máquinas, aparelhos e equipamentos não especificados anteriormente; partes e peças";  -370
"Comércio atacadista de máquinas, aparelhos e equipamentos para uso agropecuário; partes e peças";   198
"Comércio atacadista de máquinas, aparelhos e equipamentos para uso odonto-médico-hospitalar; partes e peças";    19
"Comércio atacadista de máquinas, equipamentos para terraplenagem, mineração e construção; partes e peças";   -12
Comércio atacadista de material elétrico;  -224
Comércio atacadista de mercadorias em geral, com predominância de insumos agropecuários;    48
Comércio atacadista de mercadorias em geral, com predominância de produtos alimentícios; -1016
Comércio atacadista de mercadorias em geral, sem predominância de alimentos ou de insumos agropecuários;  -426
Comércio atacadista de papel e papelão em bruto e de embalagens;  -295
Comércio atacadista de produtos alimentícios em geral;  -127
Comércio atacadista de produtos do fumo;   -58
Comércio atacadista de produtos farmacêuticos para uso humano e veterinário;   606
Comércio atacadista de produtos químicos e petroquímicos, exceto agroquímicos;  -148
Comércio atacadista de produtos siderúrgicos e metalúrgicos, exceto para construção;  -281
Comércio atacadista de resíduos e sucatas;  -883
Comércio atacadista de soja;   -24
Comércio atacadista de tecidos, artefatos de tecidos e de armarinho;  -548
Comércio atacadista especializado de materiais de construção não especificados anteriormente e de materiais de construção em geral;  -531
Comércio atacadista especializado de outros produtos intermediários não especificados anteriormente; -1468
Comércio atacadista especializado em produtos alimentícios não especificados anteriormente;  -459
Comércio de peças e acessórios para veículos automotores; -6034
Comércio por atacado e a varejo de motocicletas, peças e acessórios;  -375
Comércio varejista de artigos de óptica; -1725
Comércio varejista de artigos de uso doméstico não especificados anteriormente; -2502
Comércio varejista de artigos do vestuário e acessórios;-29377
Comércio varejista de artigos médicos e ortopédicos;  -279
Comércio varejista de artigos recreativos e esportivos; -3971
Comércio varejista de artigos usados;  -106
Comércio varejista de bebidas; -1008
Comércio varejista de calçados e artigos de viagem; -9961
Comércio varejista de carnes e pescados - açougues e peixarias; -1104
Comércio varejista de combustíveis para veículos automotores; -5305
Comércio varejista de cosméticos, produtos de perfumaria e de higiene pessoal; -4138
Comércio varejista de discos, CDs, DVDs e fitas;   -11
Comércio varejista de ferragens, madeira e materiais de construção; -5406
Comércio varejista de gás liqüefeito de petróleo (GLP);  -201
Comércio varejista de hortifrutigranjeiros;   163
Comércio varejista de jóias e relógios; -1232
Comércio varejista de livros, jornais, revistas e papelaria; -2660
Comércio varejista de lubrificantes;   -88
Comércio varejista de material elétrico;  -582
Comércio varejista de mercadorias em geral, com predominância de produtos alimentícios - hipermercados e supermercados; -2218
Comércio varejista de mercadorias em geral, com predominância de produtos alimentícios - minimercados, mercearias e armazéns;  -838
Comércio varejista de mercadorias em geral, sem predominância de produtos alimentícios; -5007
Comércio varejista de outros produtos novos não especificados anteriormente; -7646
"Comércio varejista de produtos alimentícios em geral ou especializado em produtos alimentícios não especificados anteriormente; produtos do fumo"; -3428
Comércio varejista de produtos de padaria, laticínio, doces, balas e semelhantes; -7201
Comércio varejista de produtos farmacêuticos para uso humano e veterinário;  -281
Comércio varejista de tintas e materiais para pintura;  -414
Comércio varejista de vidros;  -379
Comércio varejista especializado de eletrodomésticos e equipamentos de áudio e vídeo; -3301
Comércio varejista especializado de equipamentos de telefonia e comunicação; -1166
Comércio varejista especializado de equipamentos e suprimentos de informática;  -790
Comércio varejista especializado de instrumentos musicais e acessórios;  -103
Comércio varejista especializado de móveis, colchoaria e artigos de iluminação; -3703
Comércio varejista especializado de peças e acessórios para aparelhos eletroeletrônicos para uso doméstico, exceto informática e comunicação;  -560
Comércio varejista especializado de tecidos e artigos de cama, mesa e banho; -1905
Concessionárias de rodovias, pontes, túneis e serviços relacionados;   316
Condomínios prediais; -4851
Confecção de peças do vestuário, exceto roupas íntimas; -9932
Confecção de roupas íntimas; -1344
Confecção de roupas profissionais;  -129
Construção de edifícios;  -488
Construção de embarcações e estruturas flutuantes;   -43
Construção de embarcações para esporte e lazer;  -107
Construção de obras-de-arte especiais;  -214
Construção de redes de abastecimento de água, coleta de esgoto e construções correlatas;   -14
Construção de redes de transportes por dutos, exceto para água e esgoto;  -105
Construção de rodovias e ferrovias;  -205
Consultoria em tecnologia da informação;  -422
Corretores e agentes de seguros, de planos de previdência complementar e de saúde;  -556
Crédito cooperativo;   124
Crédito imobiliário;     0
Criação artística;  -165
Criação de animais não especificados anteriormente;  -158
Criação de aves;  1464
Criação de bovinos;  4989
Criação de caprinos e ovinos;   -13
Criação de outros animais de grande porte;    43
Criação de suínos;   903
Cultivo de algodão herbáceo e de outras fibras de lavoura temporária;   118
Cultivo de cacau;   116
Cultivo de café; 13329
Cultivo de cana-de-açúcar;  8949
Cultivo de cereais;  1305
Cultivo de flores e plantas ornamentais;  -815
Cultivo de frutas de lavoura permanente, exceto laranja e uva;  1389
Cultivo de fumo;    -4
Cultivo de laranja; -9252
Cultivo de oleaginosas de lavoura temporária, exceto soja;   -30
Cultivo de plantas de lavoura permanente não especificadas anteriormente;    35
Cultivo de plantas de lavoura temporária não especificadas anteriormente;  1499
Cultivo de soja;  4626
Cultivo de uva;   310
Curtimento e outras preparações de couro;  -225
Demolição e preparação de canteiros de obras;   -39
Descontaminação e outros serviços de gestão de resíduos;     1
Desdobramento de madeira;   -14
Desenvolvimento de programas de computador sob encomenda;  -770
Desenvolvimento e licenciamento de programas de computador customizáveis;   -95
Desenvolvimento e licenciamento de programas de computador não-customizáveis;  -171
Design e decoração de interiores;  -107
Distribuição cinematográfica, de vídeo e de programas de televisão;    46
Distribuição de energia elétrica;  -291
Edição de cadastros, listas e outros produtos gráficos;   -89
Edição de jornais;  -116
Edição de livros;  -112
Edição de revistas;  -104
Edição integrada à impressão de cadastros, listas e outros produtos gráficos;  -428
Edição integrada à impressão de jornais;  -261
Edição integrada à impressão de livros;   -51
Edição integrada à impressão de revistas;  -124
Educação infantil - creche;  5233
Educação infantil - pré-escola;  3041
Educação profissional de nível técnico;   476
Educação profissional de nível tecnológico;    10
Educação superior - graduação;  1463
Educação superior - graduação e pós-graduação;   620
Educação superior - pós-graduação e extensão;   -92
Ensino de arte e cultura;   -44
Ensino de esportes;  -212
Ensino de idiomas;    71
Ensino fundamental;  6675
Ensino médio;  2099
Envasamento e empacotamento sob contrato;  -383
Estacionamento de veículos; -5641
Extração de carvão mineral;    -2
Extração de gemas (pedras preciosas e semipreciosas);     7
Extração de minerais metálicos não-ferrosos não especificados anteriormente;   -14
Extração de minerais não-metálicos não especificados anteriormente;    -6
Extração de minerais para fabricação de adubos, fertilizantes e outros produtos químicos;    -7
Extração de minério de alumínio;    -2
Extração de minério de estanho;     2
Extração de minério de ferro;    -8
Extração de minério de manganês;     1
Extração de minério de metais preciosos;    28
Extração de pedra, areia e argila;   -72
Extração de petróleo e gás natural;   -13
Extração e refino de sal marinho e sal-gema;    -5
Fabricação de acessórios do vestuário, exceto para segurança e proteção;   -96
Fabricação de açúcar em bruto; 16036
Fabricação de açúcar refinado;    82
Fabricação de adesivos e selantes;  -248
Fabricação de aditivos de uso industrial;    -1
Fabricação de adubos e fertilizantes;   199
Fabricação de aeronaves;    61
Fabricação de aguardentes e outras bebidas destiladas;   211
Fabricação de águas envasadas;  -283
Fabricação de álcool;  4599
Fabricação de alimentos e pratos prontos;  -192
Fabricação de alimentos para animais;   109
Fabricação de amidos e féculas de vegetais e de óleos de milho;     5
Fabricação de aparelhos de recepção, reprodução, gravação e amplificação de áudio e vídeo;  -216
Fabricação de aparelhos e equipamentos de ar condicionado;    13
Fabricação de aparelhos e equipamentos de medida, teste e controle;  -205
Fabricação de aparelhos e equipamentos para distribuição e controle de energia elétrica;  -440
Fabricação de aparelhos e equipamentos para instalações térmicas;  -130
Fabricação de aparelhos eletrodomésticos não especificados anteriormente;  -298
Fabricação de aparelhos eletromédicos e eletroterapêuticos e equipamentos de irradiação;   -69
Fabricação de aparelhos telefônicos e de outros equipamentos de comunicação;  -137
Fabricação de artefatos de borracha não especificados anteriormente; -1578
Fabricação de artefatos de concreto, cimento, fibrocimento, gesso e materiais semelhantes; -1026
Fabricação de artefatos de cordoaria;   -13
Fabricação de artefatos de couro não especificados anteriormente;  -210
Fabricação de artefatos de madeira, palha, cortiça, vime e material trançado não especificados anteriormente, exceto móveis;  -414
Fabricação de artefatos de material plástico não especificados anteriormente; -4700
Fabricação de artefatos de tanoaria e de embalagens de madeira;  -261
Fabricação de artefatos de tapeçaria;  -104
Fabricação de artefatos para pesca e esporte;  -106
Fabricação de artefatos têxteis para uso doméstico; -1032
Fabricação de artigos de cutelaria;   -26
Fabricação de artigos de metal para uso doméstico e pessoal;  -490
Fabricação de artigos de serralheria, exceto esquadrias;  -501
Fabricação de artigos de vidro;  -336
Fabricação de artigos do vestuário, produzidos em malharias e tricotagens, exceto meias;   -71
Fabricação de artigos para viagem, bolsas e semelhantes de qualquer material;  -296
Fabricação de automóveis, camionetas e utilitários;    52
Fabricação de baterias e acumuladores para veículos automotores;    17
Fabricação de bicicletas e triciclos não-motorizados;  -299
Fabricação de bijuterias e artefatos semelhantes;  -372
Fabricação de biocombustíveis, exceto álcool;     3
Fabricação de biscoitos e bolachas;  -361
Fabricação de brinquedos e jogos recreativos;  -744
Fabricação de cabines, carrocerias e reboques para veículos automotores;  -698
Fabricação de cal e gesso;     2
Fabricação de calçados de couro; -4232
Fabricação de calçados de materiais não especificados anteriormente;  -502
Fabricação de calçados de material sintético; -1357
Fabricação de caldeiras geradoras de vapor, exceto para aquecimento central e para veículos;   -36
Fabricação de caminhões e ônibus;     6
Fabricação de cartolina e papel-cartão;    -3
Fabricação de catalisadores;    -3
Fabricação de celulose e outras pastas para a fabricação de papel;   398
Fabricação de chapas e de embalagens de papelão ondulado;  -253
Fabricação de cimento;    20
Fabricação de cloro e álcalis;     4
Fabricação de colchões;  -568
Fabricação de componentes eletrônicos;  -403
Fabricação de compressores;  -120
Fabricação de conservas de frutas;   106
Fabricação de conservas de legumes e outros vegetais;   -99
Fabricação de cosméticos, produtos de perfumaria e de higiene pessoal;  -298
Fabricação de cronômetros e relógios;   -52
Fabricação de defensivos agrícolas;   157
Fabricação de desinfestantes domissanitários;    74
Fabricação de elastômeros;    16
Fabricação de embalagens de cartolina e papel-cartão;  -149
Fabricação de embalagens de material plástico; -1086
Fabricação de embalagens de papel;  -388
Fabricação de embalagens de vidro;    49
Fabricação de embalagens metálicas;  -151
Fabricação de equipamento bélico pesado, armas de fogo e munições;    32
Fabricação de equipamentos de informática;  -355
Fabricação de equipamentos de transmissão para fins industriais;  -287
Fabricação de equipamentos de transporte não especificados anteriormente;  -107
Fabricação de equipamentos e acessórios para segurança e proteção pessoal e profissional;   254
Fabricação de equipamentos e aparelhos elétricos não especificados anteriormente;  -228
Fabricação de equipamentos e instrumentos ópticos, fotográficos e cinematográficos;   -56
Fabricação de equipamentos hidráulicos e pneumáticos, exceto válvulas;   -50
Fabricação de equipamentos para irrigação agrícola;    16
Fabricação de equipamentos transmissores de comunicação;    19
Fabricação de escovas, pincéis e vassouras;   -85
Fabricação de especiarias, molhos, temperos e condimentos;   -71
Fabricação de esquadrias de metal;  -415
"Fabricação de estruturas de madeira e de artigos de carpintaria para 
construção";   -83
Fabricação de estruturas metálicas;  -239
Fabricação de explosivos;   -20
Fabricação de farinha de mandioca e derivados;    -6
Fabricação de farinha de milho e derivados, exceto óleos de milho;   -10
Fabricação de ferramentas;  -371
Fabricação de fibras artificiais e sintéticas;   -22
Fabricação de fios, cabos e condutores elétricos isolados;  -359
Fabricação de fogões, refrigeradores e máquinas de lavar e secar para uso doméstico;   -23
Fabricação de gases industriais;   -29
Fabricação de geradores, transformadores e motores elétricos;    24
Fabricação de impermeabilizantes, solventes e produtos afins;   -40
Fabricação de instrumentos e materiais para uso médico e odontológico e de artigos ópticos;  -608
Fabricação de instrumentos musicais;   -67
Fabricação de intermediários para fertilizantes;    -5
Fabricação de intermediários para plastificantes, resinas e fibras;   -31
Fabricação de laminados planos e tubulares de material plástico;  -358
Fabricação de lâmpadas e outros equipamentos de iluminação;  -444
Fabricação de laticínios;   -98
Fabricação de linhas para costurar e bordar;     6
Fabricação de locomotivas, vagões e outros materiais rodantes;    21
Fabricação de madeira laminada e de chapas de madeira compensada, prensada e aglomerada;    38
Fabricação de malte, cervejas e chopes;  -194
Fabricação de máquinas e aparelhos de refrigeração e ventilação para uso industrial e comercial;  -366
Fabricação de máquinas e equipamentos de uso geral não especificados anteriormente; -1013
Fabricação de máquinas e equipamentos para a agricultura e pecuária, exceto para irrigação;    83
Fabricação de máquinas e equipamentos para a indústria do plástico;    13
Fabricação de máquinas e equipamentos para a indústria têxtil;   -31
Fabricação de máquinas e equipamentos para a prospecção e extração de petróleo;    50
Fabricação de máquinas e equipamentos para as indústrias de alimentos, bebidas e fumo;  -515
Fabricação de máquinas e equipamentos para as indústrias de celulose, papel e papelão e artefatos;   -65
Fabricação de máquinas e equipamentos para as indústrias do vestuário, do couro e de calçados;   -54
Fabricação de máquinas e equipamentos para saneamento básico e ambiental;   -20
Fabricação de máquinas e equipamentos para terraplenagem, pavimentação e construção, exceto tratores;  -156
Fabricação de máquinas e equipamentos para uso industrial específico não especificados anteriormente;  -893
Fabricação de máquinas para a indústria metalúrgica, exceto máquinas-ferramenta;   -70
Fabricação de máquinas-ferramenta;  -324
Fabricação de máquinas, equipamentos e aparelhos para transporte e elevação de cargas e pessoas;  -209
Fabricação de margarina e outras gorduras vegetais e de óleos não-comestíveis de animais;     3
Fabricação de massas alimentícias;  -325
Fabricação de material elétrico e eletrônico para veículos automotores, exceto baterias;  -491
Fabricação de material elétrico para instalações em circuito de consumo;   -99
Fabricação de medicamentos para uso humano;  1149
Fabricação de medicamentos para uso veterinário;    33
Fabricação de meias;  -487
Fabricação de mídias virgens, magnéticas e ópticas;     0
Fabricação de motocicletas;   -99
Fabricação de motores e turbinas, exceto para aviões e veículos rodoviários;  -103
Fabricação de móveis com predominância de madeira; -2929
Fabricação de móveis com predominância de metal;  -938
Fabricação de móveis de outros materiais, exceto madeira e metal;  -119
Fabricação de obras de caldeiraria pesada;  -458
Fabricação de óleos vegetais em bruto, exceto óleo de milho;   181
Fabricação de óleos vegetais refinados, exceto óleo de milho;  -102
Fabricação de outras máquinas e equipamentos para uso na extração mineral, exceto na extração de petróleo;   -42
Fabricação de outros produtos têxteis não especificados anteriormente; -1065
Fabricação de papel;     7
Fabricação de partes para calçados, de qualquer material;  -764
Fabricação de peças e acessórios para o sistema de direção e suspensão de veículos automotores;  -370
Fabricação de peças e acessórios para o sistema de freios de veículos automotores;   -89
Fabricação de peças e acessórios para o sistema motor de veículos automotores; -1302
Fabricação de peças e acessórios para os sistemas de marcha e transmissão de veículos automotores;   -95
Fabricação de peças e acessórios para veículos automotores não especificados anteriormente; -4039
Fabricação de peças e acessórios para veículos ferroviários;  -134
Fabricação de periféricos para equipamentos de informática;  -765
Fabricação de pilhas, baterias e acumuladores elétricos, exceto para veículos automotores;    -2
Fabricação de pneumáticos e de câmaras-de-ar;    72
Fabricação de preparações farmacêuticas;    -1
Fabricação de produtos à base de café;    -5
Fabricação de produtos alimentícios não especificados anteriormente;  -949
Fabricação de produtos cerâmicos não-refratários não especificados anteriormente;  -423
Fabricação de produtos cerâmicos não-refratários para uso estrutural na construção; -1185
Fabricação de produtos cerâmicos refratários;   -37
Fabricação de produtos de carne; -1185
Fabricação de produtos de limpeza e polimento;   426
Fabricação de produtos de metal não especificados anteriormente; -2375
Fabricação de produtos de minerais não-metálicos não especificados anteriormente;  -385
Fabricação de produtos de panificação; -1916
Fabricação de produtos de papel para usos doméstico e higiênico-sanitário;   205
Fabricação de produtos de papel, cartolina, papel-cartão e papelão ondulado para uso comercial e de escritório;  -692
Fabricação de produtos de pastas celulósicas, papel, cartolina, papel-cartão e papelão ondulado não especificados anteriormente;   -51
Fabricação de produtos de trefilados de metal;  -429
Fabricação de produtos derivados do cacau, de chocolates e confeitos; -1297
Fabricação de produtos derivados do petróleo, exceto produtos do refino;   -72
Fabricação de produtos diversos não especificados anteriormente;  -621
Fabricação de produtos do fumo;    28
Fabricação de produtos do refino de petróleo;   -27
Fabricação de produtos farmoquímicos;    73
Fabricação de produtos petroquímicos básicos;    -5
Fabricação de produtos químicos inorgânicos não especificados anteriormente;    25
Fabricação de produtos químicos não especificados anteriormente;  -265
Fabricação de produtos químicos orgânicos não especificados anteriormente;   -50
Fabricação de refrigerantes e de outras bebidas não-alcoólicas;  -240
Fabricação de resinas termofixas;   -33
Fabricação de resinas termoplásticas;  -120
Fabricação de sabões e detergentes sintéticos;   613
Fabricação de sorvetes e outros gelados comestíveis;  -540
Fabricação de sucos de frutas, hortaliças e legumes; -1547
Fabricação de tanques, reservatórios metálicos e caldeiras para aquecimento central;   -70
Fabricação de tecidos de malha;  -700
Fabricação de tecidos especiais, inclusive artefatos;  -358
Fabricação de tênis de qualquer material;   -38
Fabricação de tintas de impressão;    35
Fabricação de tintas, vernizes, esmaltes e lacas;  -341
Fabricação de tratores agrícolas;   -30
Fabricação de tratores, exceto agrícolas;  -105
Fabricação de tubos e acessórios de material plástico para uso na construção;   -64
Fabricação de turbinas, motores e outros componentes e peças para aeronaves;  -542
Fabricação de válvulas, registros e dispositivos semelhantes;  -615
Fabricação de veículos militares de combate;    26
Fabricação de vidro plano e de segurança;  -403
Fabricação de vinho;   -29
Fiação de fibras artificiais e sintéticas;  -100
Fornecimento e gestão de recursos humanos para terceiros; -3121
Fotocópias, preparação de documentos e outros serviços especializados de apoio administrativo; -1307
Fundição de ferro e aço;  -476
Fundição de metais não-ferrosos e suas ligas;  -196
Geração de energia elétrica;    51
Gestão de ativos intangíveis não-financeiros;  -174
Gestão de espaços para artes cênicas, espetáculos e outras atividades artísticas;   -28
Gestão de instalações de esportes;   -11
Gestão de portos e terminais;  -268
Gestão de redes de esgoto;   -14
Gestão e administração da propriedade imobiliária;  -295
Holdings de instituições financeiras;     2
Holdings de instituições não-financeiras;    46
Horticultura;   641
Hotéis e similares;-11592
Impressão de jornais, livros, revistas e outras publicações periódicas;  -754
Impressão de materiais para outros usos; -1215
Impressão de material de segurança;  -230
Imunização e controle de pragas urbanas;  -670
Incorporação de empreendimentos imobiliários;  -247
Instalação de equipamentos não especificados anteriormente;  -225
Instalação de máquinas e equipamentos industriais;  -677
Instalações elétricas; -2777
Instalações hidráulicas, de sistemas de ventilação e refrigeração; -1105
Intermediação na compra, venda e aluguel de imóveis;  -516
Justiça;   -13
Lapidação de gemas e fabricação de artefatos de ourivesaria e joalheria;  -513
Lavanderias, tinturarias e toalheiros; -2110
Limpeza em prédios e em domicílios;-14288
Locação de automóveis sem condutor;  -494
Locação de mão-de-obra temporária; -7184
Locação de meios de transporte, exceto automóveis, sem condutor;   -43
Manutenção e reparação de aeronaves;   -99
Manutenção e reparação de embarcações;  -142
Manutenção e reparação de equipamentos e produtos não especificados anteriormente;   -68
Manutenção e reparação de equipamentos eletrônicos e ópticos;   -32
Manutenção e reparação de máquinas e equipamentos da indústria mecânica; -1756
Manutenção e reparação de máquinas e equipamentos elétricos;    25
Manutenção e reparação de motocicletas;   -47
Manutenção e reparação de tanques, reservatórios metálicos e caldeiras, exceto para veículos;  -285
Manutenção e reparação de veículos automotores; -2264
Manutenção e reparação de veículos ferroviários;   -23
Metalurgia do alumínio e suas ligas;  -314
Metalurgia do cobre;   -50
Metalurgia dos metais não-ferrosos e suas ligas não especificados anteriormente;   -44
Metalurgia dos metais preciosos;   -30
Moagem de trigo e fabricação de derivados;  -137
Moagem e fabricação de produtos de origem vegetal não especificados anteriormente;  -119
Montagem de instalações industriais e de estruturas metálicas; -2995
Navegação de apoio;   -12
Obras de acabamento;   109
Obras de engenharia civil não especificadas anteriormente;   -71
Obras de fundações;   362
Obras de instalações em construções não especificadas anteriormente;  -275
Obras de terraplenagem;   320
Obras de urbanização - ruas, praças e calçadas;   125
Obras para geração e distribuição de energia elétrica e para telecomunicações;   640
Obras portuárias, marítimas e fluviais;   121
Operadoras de televisão por assinatura por cabo;  -185
Operadoras de televisão por assinatura por satélite;     3
Operadores turísticos;  -305
Organismos internacionais e outras instituições extraterritoriais;   -46
Outras atividades de prestação de serviços de informação não especificadas anteriormente;  -115
Outras atividades de serviços financeiros não especificadas anteriormente;   -34
Outras atividades de telecomunicações;    19
Outras sociedades de participação, exceto holdings;    68
Outros tipos de alojamento não especificados anteriormente;  -383
Parques de diversão e parques temáticos;  -847
Perfurações e sondagens;   -13
Pesca em água doce;     2
Pesca em água salgada;    40
Pesquisa e desenvolvimento experimental em ciências físicas e naturais;    26
Pesquisa e desenvolvimento experimental em ciências sociais e humanas;     4
Pesquisas de mercado e de opinião pública;  -195
Planos de saúde;  -237
Portais, provedores de conteúdo e outros serviços de informação na internet;   -36
Preparação do leite;    29
Preparação e fiação de fibras de algodão;  -358
Preparação e fiação de fibras têxteis naturais, exceto algodão;    -6
Preservação do pescado e fabricação de produtos do pescado;   -80
Previdência complementar aberta;    66
Previdência complementar fechada;     5
"Produção de artefatos estampados de metal; metalurgia do pó";  -912
Produção de ferro-gusa;     2
Produção de ferroligas;    13
Produção de forjados de aço e de metais não-ferrosos e suas ligas;   -31
"Produção de gás; processamento de gás natural; distribuição de combustíveis gasosos por redes urbanas";     1
Produção de laminados longos de aço;    26
Produção de laminados planos de aço;   -81
Produção de mudas e outras formas de propagação vegetal, certificadas;   174
Produção de outros tubos de ferro e aço;   -32
Produção de relaminados, trefilados e perfilados de aço;  -117
Produção de sementes certificadas;   -38
Produção de semi-acabados de aço;   -28
Produção de tubos de aço com costura;  -273
Produção e distribuição de vapor, água quente e ar condicionado;     8
Produção florestal - florestas nativas;  -159
Produção florestal - florestas plantadas;  -249
Programadoras e atividades relacionadas à televisão por assinatura;   174
Recondicionamento e recuperação de motores para veículos automotores;   -15
Recuperação de materiais metálicos;  -101
Recuperação de materiais não especificados anteriormente;   -68
Recuperação de materiais plásticos;  -176
Reforma de pneumáticos usados;   -62
Regulação das atividades de saúde, educação, serviços culturais e outros serviços sociais;   220
Regulação das atividades econômicas;   -36
Reparação e manutenção de computadores e de equipamentos periféricos;  -332
Reparação e manutenção de equipamentos de comunicação;   -46
Reparação e manutenção de equipamentos eletroeletrônicos de uso pessoal e doméstico;  -385
Reparação e manutenção de objetos e equipamentos pessoais e domésticos não especificados anteriormente;  -398
Representantes comerciais e agentes do comércio de combustíveis, minerais, produtos siderúrgicos e químicos;   -15
Representantes comerciais e agentes do comércio de eletrodomésticos, móveis e artigos de uso doméstico;   -17
Representantes comerciais e agentes do comércio de madeira, material de construção e ferragens;     9
Representantes comerciais e agentes do comércio de máquinas, equipamentos, embarcações e aeronaves;   -15
Representantes comerciais e agentes do comércio de matérias-primas agrícolas e animais vivos;    32
Representantes comerciais e agentes do comércio de mercadorias em geral não especializado;    28
Representantes comerciais e agentes do comércio de motocicletas, peças e acessórios;    -4
Representantes comerciais e agentes do comércio de produtos alimentícios, bebidas e fumo;  -126
Representantes comerciais e agentes do comércio de têxteis, vestuário, calçados e artigos de viagem;   -81
Representantes comerciais e agentes do comércio de veículos automotores;  -336
Representantes comerciais e agentes do comércio especializado em produtos não especificados anteriormente;  -123
Reprodução de materiais gravados em qualquer suporte;   -34
Resseguros;    -3
Restaurantes e outros estabelecimentos de serviços de alimentação e bebidas;-62704
Securitização de créditos;   -34
Segurança e ordem pública;    -1
Seguridade social obrigatória;    -2
Seguros de vida;   -32
Seguros não-vida;   140
Seguros-saúde;    63
Seleção e agenciamento de mão-de-obra;  -413
Serviços ambulantes de alimentação;  -238
Serviços combinados de escritório e apoio administrativo; -2861
Serviços combinados para apoio a edifícios, exceto condomínios prediais;  1303
Serviços de acabamentos gráficos;  -486
Serviços de arquitetura;   -21
Serviços de assistência social sem alojamento; -1250
Serviços de catering, bufê e outros serviços de comida preparada;-10439
Serviços de engenharia;  -690
Serviços de pré-impressão;  -319
Serviços de preparação do terreno não especificados anteriormente;     9
Serviços de remoção de pacientes, exceto os serviços móveis de atendimento a urgências;    58
Serviços de reservas e outros serviços de turismo não especificados anteriormente;  -282
Serviços de usinagem, solda, tratamento e revestimento em metais;  -961
Serviços domésticos;   -12
Serviços especializados para construção não especificados anteriormente;   777
Serviços móveis de atendimento a urgências;    41
Sociedades de capitalização;     9
Sociedades de crédito ao microempreendedor;     6
Sociedades de crédito, financiamento e investimento - financeiras;    56
Sociedades de fomento mercantil - factoring;  -141
Suporte técnico, manutenção e outros serviços em tecnologia da informação; -1299
Tecelagem de fios de algodão;    44
Tecelagem de fios de fibras artificiais e sintéticas;  -401
Tecelagem de fios de fibras têxteis naturais, exceto algodão;   -30
Telecomunicações por fio;   739
Telecomunicações por satélite;    -9
Telecomunicações sem fio;     8
Terminais rodoviários e ferroviários;  -193
Testes e análises técnicas;  -211
Torrefação e moagem de café;   -44
Transmissão de energia elétrica;    41
Transporte aéreo de carga;   -21
Transporte aéreo de passageiros não-regular;   -25
Transporte aéreo de passageiros regular;    27
Transporte dutoviário;    -4
Transporte escolar;   112
Transporte ferroviário de carga;    75
Transporte marítimo de cabotagem;    10
Transporte marítimo de longo curso;     2
Transporte metroferroviário de passageiros;    35
Transporte por navegação de travessia;     1
Transporte por navegação interior de carga;    17
Transporte por navegação interior de passageiros em linhas regulares;    -9
Transporte rodoviário coletivo de passageiros, com itinerário fixo, intermunicipal, interestadual e internacional; -3938
Transporte rodoviário coletivo de passageiros, com itinerário fixo, municipal e em região metropolitana; -3546
Transporte rodoviário coletivo de passageiros, sob regime de fretamento, e outros transportes rodoviários não especificados anteriormente;  -694
Transporte rodoviário de carga;   933
Transporte rodoviário de táxi;    28
Transportes aquaviários não especificados anteriormente;   -37
Tratamento de dados, provedores de serviços de aplicação e serviços de hospedagem na internet;  -813
Tratamento e disposição de resíduos não-perigosos;   -59
Tratamento e disposição de resíduos perigosos;   -37
Trens turísticos, teleféricos e similares;   -11
